customer_id,customer_name,email,registration_date,customer_type
C001,Shubham Verma,shubham1@gmail.com,2024-03-28,VIP
C002,Amit Joshi,amit2@gmail.com,2023-03-04,REGULAR
C003,Rahul Kumar,rahul3@gmail.com,2023-01-21,REGULAR
C004,Priya Patil,priya4@gmail.com,2023-10-18,PREMIUM
C005,Shubham Patil,shubham5@gmail.com,2024-09-07,REGULAR
C006,Vikas Jadhav,vikas6@gmail.com,2023-03-29,REGULAR
C007,Priya Joshi,priya7@gmail.com,2024-12-28,REGULAR
C008,Vikas Deshmukh,vikas8@gmail.com,2025-04-09,PREMIUM
C009,Kiran Joshi,kiran9@gmail.com,2023-01-16,REGULAR
C010,Tushar Kulkarni,tushar10@gmail.com,2023-06-05,PREMIUM
C011,Sneha Sharma,sneha11@gmail.com,2023-03-22,PREMIUM
C012,Nikita Jadhav,nikita12@gmail.com,2024-04-26,REGULAR
C013,Amit Deshmukh,amit13@gmail.com,2023-12-20,VIP
C014,Vikas Jadhav,vikas14@gmail.com,2025-01-25,REGULAR
C015,Vikas Patil,vikas15@gmail.com,2024-05-31,VIP
C016,Vikas Deshmukh,vikas16@gmail.com,2024-06-13,VIP
C017,Sneha Sontakke,sneha17@gmail.com,2023-12-30,PREMIUM
C018,Pooja Sharma,pooja18@gmail.com,2024-09-22,REGULAR
C019,Anjali Patil,anjali19@gmail.com,2025-03-22,PREMIUM
C020,Sagar Verma,sagar20@gmail.com,2024-10-04,REGULAR
C021,Sagar Jadhav,sagar21@gmail.com,2025-01-29,PREMIUM
C022,Rohan Verma,rohan22@gmail.com,2024-10-04,PREMIUM
C023,Shubham Sontakke,shubham23@gmail.com,2024-04-28,VIP
C024,Rohan Patil,rohan24@gmail.com,2024-07-23,VIP
C025,Rohan Sontakke,rohan25@gmail.com,2024-12-25,VIP
C026,Sagar Kulkarni,sagar26@gmail.com,2023-01-08,REGULAR
C027,Amit Kumar,amit27@gmail.com,2024-10-25,VIP
C028,Rohan Kulkarni,rohan28@gmail.com,2024-04-21,REGULAR
C029,Priya Kulkarni,priya29@gmail.com,2024-09-06,VIP
C030,Neha Verma,neha30@gmail.com,2024-12-18,VIP
C031,Priya Patil,priya31@gmail.com,2024-09-19,REGULAR
C032,Shubham Gupta,shubham32@gmail.com,2024-11-07,REGULAR
C033,Sagar Joshi,sagar33@gmail.com,2024-11-22,REGULAR
C034,Sagar Sharma,sagar34@gmail.com,2023-01-11,REGULAR
C035,Neha Jadhav,neha35@gmail.com,2024-06-21,VIP
C036,Anjali Kulkarni,anjali36@gmail.com,2024-10-28,VIP
C037,Vikas Gupta,vikas37@gmail.com,2024-08-13,REGULAR
C038,Kiran Sharma,kiran38@gmail.com,2024-01-29,PREMIUM
C039,Akash Deshmukh,akash39@gmail.com,2025-06-01,PREMIUM
C040,Kiran Joshi,kiran40@gmail.com,2024-12-11,REGULAR
C041,Sagar Kumar,sagar41@gmail.com,2025-06-02,PREMIUM
C042,Pooja Jadhav,pooja42@gmail.com,2024-10-24,VIP
C043,Priya Kumar,priya43@gmail.com,2024-01-22,VIP
C044,Rohan Kumar,rohan44@gmail.com,2023-10-11,VIP
C045,Tushar Deshmukh,tushar45@gmail.com,2023-04-21,REGULAR
C046,Sneha Kumar,sneha46@gmail.com,2024-01-11,VIP
C047,Anjali Jadhav,anjali47@gmail.com,2025-02-17,VIP
C048,Akash Verma,akash48@gmail.com,2025-01-17,REGULAR
C049,Tushar Kulkarni,tushar49@gmail.com,2024-10-18,PREMIUM
C050,Nikita Verma,nikita50@gmail.com,2023-09-07,VIP
C051,Rohan Gupta,rohan51@gmail.com,2024-05-12,VIP
C052,Akash Jadhav,akash52@gmail.com,2023-09-24,VIP
C053,Kiran Kumar,kiran53@gmail.com,2024-11-20,REGULAR
C054,Vikas Sontakke,vikas54@gmail.com,2025-06-14,VIP
C055,Neha Deshmukh,neha55@gmail.com,2023-09-24,PREMIUM
C056,Neha Deshmukh,neha56@gmail.com,2024-11-26,REGULAR
C057,Pooja Sharma,pooja57@gmail.com,2024-11-06,PREMIUM
C058,Kiran Joshi,kiran58@gmail.com,2023-06-27,VIP
C059,Priya Jadhav,priya59@gmail.com,2023-05-25,PREMIUM
C060,Rohan Kulkarni,rohan60@gmail.com,2025-02-03,VIP
C061,Anjali Gupta,anjali61@gmail.com,2025-05-07,REGULAR
C062,Sneha Sharma,sneha62@gmail.com,2025-05-21,REGULAR
C063,Vikas Sharma,vikas63@gmail.com,2023-03-19,PREMIUM
C064,Rahul Kumar,rahul64@gmail.com,2023-03-19,PREMIUM
C065,Vikas Deshmukh,vikas65@gmail.com,2023-03-11,PREMIUM
C066,Shubham Joshi,shubham66@gmail.com,2024-09-21,REGULAR
C067,Rahul Jadhav,rahul67@gmail.com,2023-02-23,REGULAR
C068,Anjali Sontakke,anjali68@gmail.com,2023-01-27,PREMIUM
C069,Kiran Deshmukh,kiran69@gmail.com,2024-08-16,PREMIUM
C070,Rahul Sharma,rahul70@gmail.com,2023-08-15,VIP
C071,Neha Verma,neha71@gmail.com,2024-07-04,REGULAR
C072,Kiran Gupta,kiran72@gmail.com,2023-01-18,REGULAR
C073,Sagar Joshi,sagar73@gmail.com,2025-01-20,PREMIUM
C074,Rohan Kumar,rohan74@gmail.com,2024-06-16,PREMIUM
C075,Vikas Joshi,vikas75@gmail.com,2025-05-24,REGULAR
C076,Nikita Kumar,nikita76@gmail.com,2025-01-02,REGULAR
C077,Anjali Deshmukh,anjali77@gmail.com,2025-01-11,PREMIUM
C078,Shubham Kulkarni,shubham78@gmail.com,2023-09-26,VIP
C079,Tushar Joshi,tushar79@gmail.com,2023-06-04,VIP
C080,Sneha Sharma,sneha80@gmail.com,2024-08-16,PREMIUM
C081,Kiran Sharma,kiran81,2023-09-12,REGULAR
C082,Amit Kumar,amit82@gmail.com,2023-08-24,PREMIUM
C083,Pooja Jadhav,pooja83@gmail.com,2025-04-27,VIP
C084,Pooja Jadhav,pooja84@gmail.com,2025-03-27,VIP
C085,Tushar Joshi,tushar85@gmail.com,2023-06-10,PREMIUM
C086,Rahul Gupta,rahul86@gmail.com,2024-07-04,PREMIUM
C087,Shubham Sharma,shubham87@gmail.com,2023-12-13,REGULAR
C088,Kiran Deshmukh,kiran88@gmail.com,2024-04-04,REGULAR
C089,Anjali Sharma,anjali89@gmail.com,2025-05-25,REGULAR
C090,Rahul Kulkarni,rahul90@gmail.com,2024-05-04,PREMIUM
C091,Pooja Sontakke,pooja91@gmail.com,2024-05-31,PREMIUM
C092,Tushar Deshmukh,tushar92@gmail.com,2025-06-10,VIP
C093,Sagar Kulkarni,sagar93@gmail.com,2023-11-28,PREMIUM
C094,Sagar Patil,sagar94@gmail.com,2023-03-12,REGULAR
C095,Priya Kumar,priya95@gmail.com,2024-03-18,REGULAR
C096,Shubham Verma,shubham96@gmail.com,2023-02-27,VIP
C097,Tushar Kumar,tushar97@gmail.com,2023-02-14,VIP
C098,Akash Kulkarni,akash98@gmail.com,2025-01-25,REGULAR
C099,Tushar Kulkarni,tushar99@gmail.com,2024-11-05,VIP
C100,Rohan Sharma,rohan100@gmail.com,2023-12-08,REGULAR
C101,Amit Kulkarni,amit101@gmail.com,2023-07-03,REGULAR
C102,Shubham Kumar,shubham102@gmail.com,2023-06-18,REGULAR
C103,Amit Deshmukh,amit103@gmail.com,2023-12-31,VIP
C104,Rohan Deshmukh,rohan104@gmail.com,2023-07-13,VIP
C105,Neha Gupta,neha105@gmail.com,2023-09-21,PREMIUM
C106,Anjali Kumar,anjali106@gmail.com,2023-06-11,PREMIUM
C107,Anjali Kulkarni,anjali107@gmail.com,2023-07-04,PREMIUM
C108,Sneha Sharma,sneha108@gmail.com,2025-04-07,VIP
C109,Priya Patil,priya109@gmail.com,2023-11-29,VIP
C110,Sneha Gupta,sneha110@gmail.com,2025-02-13,REGULAR
C111,Rohan Patil,rohan111@gmail.com,2025-02-09,REGULAR
C112,Shubham Jadhav,shubham112@gmail.com,2023-07-04,PREMIUM
C113,Pooja Patil,pooja113@gmail.com,2024-07-02,VIP
C114,Shubham Gupta,shubham114@gmail.com,2023-01-16,REGULAR
C115,Sneha Sontakke,sneha115@gmail.com,2023-11-18,PREMIUM
C116,Tushar Joshi,tushar116@gmail.com,2025-01-02,PREMIUM
C117,Rohan Jadhav,rohan117@gmail.com,2023-03-22,REGULAR
C118,Tushar Sontakke,tushar118@gmail.com,2023-01-28,PREMIUM
C119,Tushar Sontakke,tushar119@gmail.com,2025-01-20,PREMIUM
C120,Vikas Patil,vikas120@gmail.com,2023-07-10,VIP
C121,Tushar Sharma,tushar121@gmail.com,2025-06-04,PREMIUM
C122,Nikita Kulkarni,nikita122@gmail.com,2023-06-19,PREMIUM
C123,Vikas Sharma,vikas123@gmail.com,2025-04-26,VIP
C124,Nikita Jadhav,nikita124@gmail.com,2025-05-23,REGULAR
C125,Rahul Sharma,rahul125,2025-02-19,VIP
C126,Sagar Gupta,sagar126@gmail.com,2024-03-31,VIP
C127,Akash Sharma,akash127@gmail.com,2024-07-28,PREMIUM
C128,Anjali Kumar,anjali128@gmail.com,2023-10-09,REGULAR
C129,Vikas Kumar,vikas129@gmail.com,2025-01-09,PREMIUM
C130,Rohan Sharma,rohan130@gmail.com,2024-06-19,VIP
C131,Neha Sharma,neha131@gmail.com,2025-06-05,REGULAR
C132,Nikita Gupta,nikita132@gmail.com,2024-12-06,REGULAR
C133,Nikita Gupta,nikita133@gmail.com,2023-04-04,VIP
C134,Neha Gupta,neha134@gmail.com,2023-03-08,VIP
C135,Shubham Sontakke,shubham135@gmail.com,2025-03-12,REGULAR
C136,Kiran Patil,kiran136@gmail.com,2023-03-27,REGULAR
C137,Rahul Sharma,rahul137@gmail.com,2024-01-04,PREMIUM
C138,Akash Kulkarni,akash138@gmail.com,2023-08-02,PREMIUM
C139,Vikas Gupta,vikas139@gmail.com,2024-07-10,REGULAR
C140,Priya Patil,priya140@gmail.com,2023-04-22,REGULAR
C141,Nikita Gupta,nikita141@gmail.com,2025-02-03,VIP
C142,Tushar Gupta,tushar142@gmail.com,2024-03-20,REGULAR
C143,Tushar Joshi,tushar143@gmail.com,2023-07-23,REGULAR
C144,Priya Jadhav,priya144@gmail.com,2023-10-26,PREMIUM
C145,Tushar Kulkarni,tushar145@gmail.com,2024-03-30,PREMIUM
C146,Sagar Sontakke,sagar146@gmail.com,2023-11-19,VIP
C147,Kiran Kumar,kiran147@gmail.com,2023-12-11,PREMIUM
C148,Rahul Gupta,rahul148@gmail.com,2023-10-01,REGULAR
C149,Kiran Sharma,kiran149@gmail.com,2023-07-10,VIP
C150,Tushar Patil,tushar150@gmail.com,2023-10-19,PREMIUM
C151,Sagar Patil,sagar151@gmail.com,2023-03-17,VIP
C152,Amit Gupta,amit152@gmail.com,2023-09-09,VIP
C153,Kiran Sharma,kiran153@gmail.com,2024-01-15,VIP
C154,Sagar Kumar,sagar154@gmail.com,2023-12-19,PREMIUM
C155,Pooja Kulkarni,pooja155@gmail.com,2025-05-18,PREMIUM
C156,Anjali Gupta,anjali156@gmail.com,2023-05-28,PREMIUM
C157,Priya Sharma,priya157@gmail.com,2023-12-29,REGULAR
C158,Nikita Jadhav,nikita158@gmail.com,2023-01-19,VIP
C159,Kiran Verma,kiran159@gmail.com,2024-11-27,VIP
C160,Pooja Deshmukh,pooja160@gmail.com,2023-04-08,PREMIUM
C161,Neha Deshmukh,neha161@gmail.com,2024-04-24,PREMIUM
C162,Neha Patil,neha162@gmail.com,2023-09-28,VIP
C163,Neha Jadhav,neha163@gmail.com,2023-02-21,PREMIUM
C164,Sagar Sontakke,sagar164@gmail.com,2025-03-01,VIP
C165,Akash Joshi,akash165@gmail.com,2023-06-30,VIP
C166,Rahul Gupta,rahul166@gmail.com,2023-11-21,REGULAR
C167,Sagar Patil,sagar167@gmail.com,2025-01-01,PREMIUM
C168,Nikita Sharma,nikita168@gmail.com,2024-02-01,REGULAR
C169,Akash Jadhav,akash169@gmail.com,2024-10-06,REGULAR
C170,Akash Patil,akash170@gmail.com,2025-05-17,VIP
C171,Shubham Sontakke,shubham171@gmail.com,2024-03-27,REGULAR
C172,Akash Verma,akash172@gmail.com,2023-07-15,PREMIUM
C173,Sneha Joshi,sneha173@gmail.com,2023-11-13,REGULAR
C174,Tushar Patil,tushar174@gmail.com,2025-01-20,VIP
C175,Priya Sontakke,priya175,2024-08-11,VIP
C176,Tushar Kulkarni,tushar176@gmail.com,2025-05-13,REGULAR
C177,Pooja Joshi,pooja177@gmail.com,2024-12-02,PREMIUM
C178,Pooja Sharma,pooja178@gmail.com,2023-08-08,REGULAR
C179,Nikita Kulkarni,nikita179@gmail.com,2024-04-07,VIP
C180,Amit Jadhav,amit180@gmail.com,2024-04-12,REGULAR
C181,Rahul Verma,rahul181@gmail.com,2023-10-05,VIP
C182,Kiran Gupta,kiran182@gmail.com,2023-12-22,VIP
C183,Anjali Kumar,anjali183@gmail.com,2024-06-25,REGULAR
C184,Priya Kumar,priya184@gmail.com,2023-12-26,REGULAR
C185,Amit Deshmukh,amit185@gmail.com,2025-06-07,VIP
C186,Vikas Kumar,vikas186@gmail.com,2024-07-04,REGULAR
C187,Neha Patil,neha187@gmail.com,2024-10-05,PREMIUM
C188,Neha Deshmukh,neha188@gmail.com,2024-09-05,REGULAR
C189,Kiran Jadhav,kiran189@gmail.com,2025-03-20,REGULAR
C190,Neha Sontakke,neha190@gmail.com,2025-04-18,REGULAR
C191,Tushar Sharma,tushar191@gmail.com,2024-05-22,PREMIUM
C192,Anjali Jadhav,anjali192@gmail.com,2023-02-05,REGULAR
C193,Rohan Gupta,rohan193@gmail.com,2024-01-19,VIP
C194,Rahul Kulkarni,rahul194@gmail.com,2024-08-02,PREMIUM
C195,Anjali Deshmukh,anjali195@gmail.com,2025-04-21,PREMIUM
C196,Priya Deshmukh,priya196@gmail.com,2024-08-03,VIP
C197,Anjali Verma,anjali197@gmail.com,2024-11-28,PREMIUM
C198,Sneha Jadhav,sneha198@gmail.com,2024-07-18,VIP
C199,Shubham Joshi,shubham199@gmail.com,2023-03-13,REGULAR
C200,Sneha Sontakke,sneha200@gmail.com,2024-01-12,REGULAR
C201,Anjali Sontakke,anjali201@gmail.com,2024-12-25,REGULAR
C202,Vikas Kulkarni,vikas202@gmail.com,2024-09-04,VIP
C203,Sagar Patil,sagar203@gmail.com,2024-09-03,VIP
C204,Sagar Kulkarni,sagar204@gmail.com,2024-08-29,REGULAR
C205,Tushar Kumar,tushar205@gmail.com,2025-01-16,PREMIUM
C206,Sneha Patil,sneha206@gmail.com,2024-03-12,PREMIUM
C207,Rahul Patil,rahul207@gmail.com,2025-03-01,VIP
C208,Rohan Jadhav,rohan208@gmail.com,2024-01-01,REGULAR
C209,Rohan Kumar,rohan209@gmail.com,2025-01-08,PREMIUM
C210,Nikita Kulkarni,nikita210@gmail.com,2024-10-10,PREMIUM
C211,Amit Sontakke,amit211@gmail.com,2025-01-07,PREMIUM
C212,Nikita Verma,nikita212@gmail.com,2023-09-24,VIP
C213,Rohan Patil,rohan213@gmail.com,2025-03-13,VIP
C214,Akash Patil,akash214@gmail.com,2025-01-16,PREMIUM
C215,Kiran Joshi,kiran215@gmail.com,2024-12-14,REGULAR
C216,Vikas Gupta,vikas216@gmail.com,2023-10-16,VIP
C217,Tushar Verma,tushar217@gmail.com,2024-10-23,PREMIUM
C218,Priya Sharma,priya218@gmail.com,2023-10-04,VIP
C219,Pooja Kumar,pooja219@gmail.com,2025-05-12,PREMIUM
C220,Anjali Sontakke,anjali220@gmail.com,2024-12-04,VIP
C221,Sneha Sontakke,sneha221@gmail.com,2023-05-07,VIP
C222,Anjali Kulkarni,anjali222@gmail.com,2024-09-11,VIP
C223,Shubham Verma,shubham223@gmail.com,2024-10-23,VIP
C224,Akash Verma,akash224@gmail.com,2023-03-02,VIP
C225,Nikita Kumar,nikita225,2024-08-03,VIP
C226,Tushar Kulkarni,tushar226@gmail.com,2024-03-13,VIP
C227,Amit Sontakke,amit227@gmail.com,2023-02-23,VIP
C228,Kiran Sharma,kiran228@gmail.com,2024-04-13,VIP
C229,Neha Verma,neha229@gmail.com,2024-01-11,PREMIUM
C230,Vikas Joshi,vikas230@gmail.com,2025-03-02,PREMIUM
C231,Tushar Joshi,tushar231@gmail.com,2025-05-21,VIP
C232,Vikas Kulkarni,vikas232@gmail.com,2023-10-01,VIP
C233,Priya Kumar,priya233@gmail.com,2024-07-04,REGULAR
C234,Rahul Patil,rahul234@gmail.com,2023-03-18,VIP
C235,Kiran Joshi,kiran235@gmail.com,2025-01-28,VIP
C236,Sagar Deshmukh,sagar236@gmail.com,2025-02-12,PREMIUM
C237,Sneha Jadhav,sneha237@gmail.com,2023-03-07,REGULAR
C238,Rohan Sontakke,rohan238@gmail.com,2023-08-05,VIP
C239,Priya Verma,priya239@gmail.com,2023-05-18,REGULAR
C240,Nikita Sharma,nikita240@gmail.com,2024-11-23,REGULAR
C241,Tushar Jadhav,tushar241@gmail.com,2023-08-18,PREMIUM
C242,Priya Jadhav,priya242@gmail.com,2023-09-02,REGULAR
C243,Rohan Sontakke,rohan243@gmail.com,2024-02-13,VIP
C244,Nikita Verma,nikita244@gmail.com,2023-11-07,PREMIUM
C245,Sneha Kumar,sneha245@gmail.com,2024-08-18,VIP
C246,Vikas Joshi,vikas246@gmail.com,2024-08-23,PREMIUM
C247,Vikas Kumar,vikas247@gmail.com,2025-03-07,PREMIUM
C248,Pooja Deshmukh,pooja248@gmail.com,2025-05-25,PREMIUM
C249,Rohan Sharma,rohan249@gmail.com,2024-01-19,VIP
C250,Amit Jadhav,amit250@gmail.com,2023-04-26,VIP
C251,Rohan Verma,rohan251@gmail.com,2023-08-04,VIP
C252,Anjali Kulkarni,anjali252@gmail.com,2023-03-06,PREMIUM
C253,Priya Gupta,priya253@gmail.com,2023-03-17,VIP
C254,Neha Joshi,neha254@gmail.com,2024-08-10,VIP
C255,Neha Sontakke,neha255@gmail.com,2025-05-26,PREMIUM
C256,Amit Joshi,amit256@gmail.com,2025-05-05,VIP
C257,Sagar Jadhav,sagar257@gmail.com,2024-07-19,VIP
C258,Shubham Patil,shubham258@gmail.com,2024-04-18,REGULAR
C259,Rahul Sharma,rahul259@gmail.com,2024-03-18,PREMIUM
C260,Rohan Sontakke,rohan260,2024-04-07,REGULAR
C261,Kiran Verma,kiran261@gmail.com,2025-05-18,VIP
C262,Tushar Sharma,tushar262@gmail.com,2024-11-10,PREMIUM
C263,Kiran Kumar,kiran263@gmail.com,2023-04-03,PREMIUM
C264,Shubham Sharma,shubham264,2024-04-21,VIP
C265,Kiran Sontakke,kiran265@gmail.com,2025-05-29,VIP
C266,Tushar Patil,tushar266@gmail.com,2023-08-15,VIP
C267,Kiran Kulkarni,kiran267@gmail.com,2023-02-20,REGULAR
C268,Sneha Deshmukh,sneha268@gmail.com,2023-11-08,VIP
C269,Amit Patil,amit269@gmail.com,2025-05-22,PREMIUM
C270,Neha Deshmukh,neha270@gmail.com,2023-08-14,VIP
C271,Anjali Joshi,anjali271@gmail.com,2023-10-09,REGULAR
C272,Priya Patil,priya272@gmail.com,2024-02-27,PREMIUM
C273,Priya Deshmukh,priya273@gmail.com,2023-05-10,VIP
C274,Nikita Patil,nikita274@gmail.com,2024-06-10,VIP
C275,Sagar Kulkarni,sagar275@gmail.com,2023-11-02,VIP
C276,Rahul Jadhav,rahul276@gmail.com,2024-03-24,PREMIUM
C277,Priya Joshi,priya277@gmail.com,2025-03-01,PREMIUM
C278,Priya Gupta,priya278@gmail.com,2024-09-13,PREMIUM
C279,Vikas Sharma,vikas279@gmail.com,2023-01-08,PREMIUM
C280,Kiran Jadhav,kiran280@gmail.com,2024-04-03,REGULAR
C281,Rohan Patil,rohan281@gmail.com,2024-04-15,VIP
C282,Sneha Gupta,sneha282@gmail.com,2025-02-01,REGULAR
C283,Sneha Kulkarni,sneha283@gmail.com,2024-10-24,VIP
C284,Rohan Kumar,rohan284@gmail.com,2023-05-17,PREMIUM
C285,Pooja Jadhav,pooja285@gmail.com,2024-09-19,PREMIUM
C286,Pooja Sharma,pooja286@gmail.com,2025-05-02,REGULAR
C287,Vikas Joshi,vikas287@gmail.com,2024-06-29,VIP
C288,Pooja Joshi,pooja288@gmail.com,2024-12-23,VIP
C289,Akash Patil,akash289@gmail.com,2024-04-08,REGULAR
C290,Priya Joshi,priya290@gmail.com,2023-03-27,VIP
C291,Priya Verma,priya291@gmail.com,2025-04-20,PREMIUM
C292,Pooja Gupta,pooja292@gmail.com,2023-10-03,VIP
C293,Tushar Sontakke,tushar293@gmail.com,2023-10-12,VIP
C294,Nikita Gupta,nikita294@gmail.com,2023-10-09,REGULAR
C295,Amit Kulkarni,amit295@gmail.com,2023-02-14,REGULAR
C296,Rohan Sharma,rohan296@gmail.com,2025-05-07,REGULAR
C297,Nikita Kumar,nikita297@gmail.com,2023-01-17,REGULAR
C298,Amit Patil,amit298@gmail.com,2024-04-26,PREMIUM
C299,Anjali Sharma,anjali299@gmail.com,2023-07-20,VIP
C300,Nikita Kumar,nikita300@gmail.com,2024-07-05,REGULAR
C301,Pooja Gupta,pooja301@gmail.com,2024-04-16,REGULAR
C302,Tushar Kumar,tushar302@gmail.com,2024-03-29,VIP
C303,Nikita Kumar,nikita303@gmail.com,2025-01-25,REGULAR
C304,Anjali Kulkarni,anjali304@gmail.com,2025-04-14,VIP
C305,Tushar Patil,tushar305@gmail.com,2024-05-14,VIP
C306,Akash Jadhav,akash306@gmail.com,2024-03-23,PREMIUM
C307,Kiran Kulkarni,kiran307@gmail.com,2024-09-11,PREMIUM
C308,Rohan Joshi,rohan308@gmail.com,2024-12-15,VIP
C309,Rahul Sontakke,rahul309@gmail.com,2024-03-14,REGULAR
C310,Amit Jadhav,amit310@gmail.com,2025-05-31,REGULAR
C311,Rohan Jadhav,rohan311@gmail.com,2023-09-14,REGULAR
C312,Shubham Joshi,shubham312@gmail.com,2023-12-04,PREMIUM
C313,Rohan Kulkarni,rohan313@gmail.com,2024-12-13,VIP
C314,Rahul Verma,rahul314@gmail.com,2023-07-11,REGULAR
C315,Sneha Deshmukh,sneha315@gmail.com,2023-04-03,VIP
C316,Tushar Joshi,tushar316@gmail.com,2024-09-23,PREMIUM
C317,Amit Sontakke,amit317@gmail.com,2024-09-24,VIP
C318,Nikita Joshi,nikita318@gmail.com,2023-11-05,PREMIUM
C319,Rahul Gupta,rahul319@gmail.com,2024-09-06,VIP
C320,Anjali Jadhav,anjali320@gmail.com,2023-06-14,PREMIUM
C321,Amit Gupta,amit321@gmail.com,2024-03-10,REGULAR
C322,Anjali Jadhav,anjali322@gmail.com,2023-07-21,REGULAR
C323,Rahul Kumar,rahul323@gmail.com,2024-11-09,PREMIUM
C324,Pooja Sontakke,pooja324@gmail.com,2024-04-26,REGULAR
C325,Priya Kumar,priya325@gmail.com,2023-08-31,PREMIUM
C326,Shubham Sharma,shubham326@gmail.com,2023-10-30,VIP
C327,Rohan Sharma,rohan327@gmail.com,2023-06-30,PREMIUM
C328,Rohan Sontakke,rohan328@gmail.com,2023-12-09,PREMIUM
C329,Tushar Sontakke,tushar329@gmail.com,2024-01-15,PREMIUM
C330,Shubham Sharma,shubham330@gmail.com,2024-07-12,PREMIUM
C331,Shubham Sontakke,shubham331@gmail.com,2024-06-13,REGULAR
C332,Akash Patil,akash332@gmail.com,2025-02-09,PREMIUM
C333,Priya Sontakke,priya333@gmail.com,2023-09-10,VIP
C334,Nikita Gupta,nikita334@gmail.com,2025-02-14,REGULAR
C335,Anjali Sontakke,anjali335@gmail.com,2025-04-18,PREMIUM
C336,Shubham Joshi,shubham336@gmail.com,2025-04-30,PREMIUM
C337,Akash Gupta,akash337,2023-07-10,PREMIUM
C338,Pooja Kulkarni,pooja338@gmail.com,2025-01-14,PREMIUM
C339,Neha Joshi,neha339@gmail.com,2023-03-21,PREMIUM
C340,Rohan Kumar,rohan340@gmail.com,2024-12-09,VIP
C341,Shubham Kumar,shubham341@gmail.com,2023-02-11,PREMIUM
C342,Nikita Jadhav,nikita342@gmail.com,2023-08-04,REGULAR
C343,Sneha Joshi,sneha343@gmail.com,2024-01-19,REGULAR
C344,Nikita Kulkarni,nikita344@gmail.com,2024-06-17,REGULAR
C345,Neha Gupta,neha345@gmail.com,2024-02-26,PREMIUM
C346,Sagar Sharma,sagar346@gmail.com,2023-08-23,REGULAR
C347,Nikita Sontakke,nikita347@gmail.com,2023-06-20,VIP
C348,Neha Jadhav,neha348@gmail.com,2024-05-08,PREMIUM
C349,Rohan Patil,rohan349@gmail.com,2024-10-14,VIP
C350,Neha Verma,neha350@gmail.com,2023-02-19,REGULAR
C351,Rohan Jadhav,rohan351@gmail.com,2023-05-06,PREMIUM
C352,Neha Sontakke,neha352@gmail.com,2025-03-19,PREMIUM
C353,Anjali Sharma,anjali353@gmail.com,2023-03-14,VIP
C354,Amit Joshi,amit354@gmail.com,2024-03-04,PREMIUM
C355,Akash Deshmukh,akash355@gmail.com,2023-08-06,PREMIUM
C356,Priya Sharma,priya356@gmail.com,2023-02-03,VIP
C357,Rohan Jadhav,rohan357@gmail.com,2024-01-02,VIP
C358,Sagar Deshmukh,sagar358@gmail.com,2023-11-25,PREMIUM
C359,Nikita Kumar,nikita359@gmail.com,2023-06-07,PREMIUM
C360,Sagar Sontakke,sagar360@gmail.com,2023-01-28,VIP
C361,Akash Sontakke,akash361@gmail.com,2024-12-13,REGULAR
C362,Pooja Deshmukh,pooja362@gmail.com,2023-03-06,VIP
C363,Tushar Kumar,tushar363@gmail.com,2023-12-24,REGULAR
C364,Amit Jadhav,amit364@gmail.com,2025-03-16,PREMIUM
C365,Nikita Verma,nikita365@gmail.com,2023-01-14,REGULAR
C366,Sagar Jadhav,sagar366@gmail.com,2024-11-22,PREMIUM
C367,Akash Sharma,akash367@gmail.com,2023-02-24,VIP
C368,Akash Deshmukh,akash368@gmail.com,2024-07-02,VIP
C369,Neha Deshmukh,neha369@gmail.com,2023-04-21,VIP
C370,Anjali Kumar,anjali370@gmail.com,2024-10-13,REGULAR
C371,Neha Gupta,neha371@gmail.com,2024-04-13,PREMIUM
C372,Neha Joshi,neha372@gmail.com,2023-06-24,VIP
C373,Rohan Gupta,rohan373@gmail.com,2023-09-30,VIP
C374,Anjali Kumar,anjali374@gmail.com,2025-04-24,VIP
C375,Rahul Kumar,rahul375@gmail.com,2024-11-20,REGULAR
C376,Kiran Patil,kiran376@gmail.com,2025-02-06,PREMIUM
C377,Rohan Deshmukh,rohan377@gmail.com,2024-11-10,PREMIUM
C378,Rohan Verma,rohan378@gmail.com,2023-10-28,VIP
C379,Rohan Patil,rohan379@gmail.com,2024-03-08,PREMIUM
C380,Pooja Sharma,pooja380@gmail.com,2023-02-03,REGULAR
C381,Vikas Verma,vikas381@gmail.com,2024-06-14,VIP
C382,Priya Gupta,priya382@gmail.com,2023-02-20,VIP
C383,Sneha Jadhav,sneha383,2024-06-29,REGULAR
C384,Amit Kulkarni,amit384@gmail.com,2024-10-02,VIP
C385,Neha Deshmukh,neha385@gmail.com,2024-08-30,PREMIUM
C386,Vikas Kulkarni,vikas386@gmail.com,2024-02-29,REGULAR
C387,Rahul Kulkarni,rahul387@gmail.com,2023-08-20,VIP
C388,Tushar Deshmukh,tushar388@gmail.com,2025-02-13,PREMIUM
C389,Priya Sharma,priya389@gmail.com,2023-10-28,VIP
C390,Kiran Gupta,kiran390@gmail.com,2025-01-03,REGULAR
C391,Vikas Deshmukh,vikas391@gmail.com,2023-11-10,VIP
C392,Akash Verma,akash392@gmail.com,2023-07-18,PREMIUM
C393,Neha Jadhav,neha393@gmail.com,2024-05-31,VIP
C394,Nikita Kulkarni,nikita394@gmail.com,2024-01-08,PREMIUM
C395,Priya Joshi,priya395@gmail.com,2024-05-30,VIP
C396,Tushar Kulkarni,tushar396@gmail.com,2024-04-07,REGULAR
C397,Amit Joshi,amit397@gmail.com,2024-02-05,VIP
C398,Akash Patil,akash398@gmail.com,2023-07-25,REGULAR
C399,Kiran Kulkarni,kiran399@gmail.com,2023-05-10,REGULAR
C400,Rohan Jadhav,rohan400@gmail.com,2024-12-01,VIP
C401,Tushar Sharma,tushar401@gmail.com,2023-07-19,REGULAR
C402,Sneha Kumar,sneha402@gmail.com,2024-07-20,REGULAR
C403,Tushar Deshmukh,tushar403@gmail.com,2023-01-04,PREMIUM
C404,Nikita Sontakke,nikita404@gmail.com,2023-03-14,REGULAR
C405,Sneha Sontakke,sneha405@gmail.com,2023-04-14,PREMIUM
C406,Rohan Kulkarni,rohan406@gmail.com,2024-05-27,PREMIUM
C407,Sneha Joshi,sneha407@gmail.com,2025-01-07,VIP
C408,Rohan Gupta,rohan408@gmail.com,2023-05-20,PREMIUM
C409,Vikas Gupta,vikas409@gmail.com,2024-09-05,REGULAR
C410,Anjali Kumar,anjali410@gmail.com,2023-02-03,PREMIUM
C411,Shubham Verma,shubham411@gmail.com,2024-03-19,PREMIUM
C412,Sneha Joshi,sneha412@gmail.com,2024-12-20,REGULAR
C413,Rahul Kulkarni,rahul413@gmail.com,2024-08-02,VIP
C414,Neha Deshmukh,neha414@gmail.com,2024-08-17,PREMIUM
C415,Sagar Kumar,sagar415@gmail.com,2025-06-15,REGULAR
C416,Vikas Kulkarni,vikas416@gmail.com,2024-12-11,PREMIUM
C417,Shubham Verma,shubham417@gmail.com,2023-03-11,VIP
C418,Sagar Kulkarni,sagar418@gmail.com,2023-12-31,VIP
C419,Nikita Kumar,nikita419@gmail.com,2023-06-06,PREMIUM
C420,Sneha Kulkarni,sneha420@gmail.com,2024-05-08,PREMIUM
C421,Nikita Verma,nikita421@gmail.com,2024-12-22,VIP
C422,Sagar Jadhav,sagar422@gmail.com,2024-01-07,PREMIUM
C423,Neha Kumar,neha423@gmail.com,2025-05-31,VIP
C424,Rahul Sharma,rahul424@gmail.com,2024-05-21,PREMIUM
C425,Kiran Kulkarni,kiran425@gmail.com,2023-05-14,PREMIUM
C426,Anjali Joshi,anjali426@gmail.com,2023-07-04,REGULAR
C427,Priya Kulkarni,priya427@gmail.com,2023-11-01,PREMIUM
C428,Amit Patil,amit428@gmail.com,2024-08-03,VIP
C429,Rohan Verma,rohan429@gmail.com,2024-07-10,VIP
C430,Shubham Patil,shubham430@gmail.com,2023-05-22,PREMIUM
C431,Vikas Sontakke,vikas431@gmail.com,2023-03-02,REGULAR
C432,Tushar Gupta,tushar432@gmail.com,2024-08-18,VIP
C433,Anjali Gupta,anjali433@gmail.com,2024-02-28,REGULAR
C434,Nikita Joshi,nikita434@gmail.com,2023-03-26,PREMIUM
C435,Nikita Deshmukh,nikita435@gmail.com,2023-08-29,VIP
C436,Anjali Patil,anjali436@gmail.com,2024-06-02,PREMIUM
C437,Akash Sontakke,akash437@gmail.com,2023-07-14,VIP
C438,Pooja Patil,pooja438,2024-04-15,REGULAR
C439,Amit Kumar,amit439@gmail.com,2024-08-07,PREMIUM
C440,Shubham Sharma,shubham440@gmail.com,2023-08-19,REGULAR
C441,Vikas Verma,vikas441@gmail.com,2023-07-13,REGULAR
C442,Priya Joshi,priya442@gmail.com,2023-10-10,REGULAR
C443,Anjali Patil,anjali443@gmail.com,2025-03-04,PREMIUM
C444,Vikas Deshmukh,vikas444@gmail.com,2024-01-31,PREMIUM
C445,Rahul Kumar,rahul445@gmail.com,2024-12-03,PREMIUM
C446,Sagar Sharma,sagar446@gmail.com,2024-02-29,VIP
C447,Anjali Kumar,anjali447@gmail.com,2024-03-14,REGULAR
C448,Akash Gupta,akash448@gmail.com,2025-03-09,REGULAR
C449,Sagar Sontakke,sagar449@gmail.com,2023-10-29,VIP
C450,Sagar Kulkarni,sagar450@gmail.com,2024-12-18,PREMIUM
C451,Shubham Kulkarni,shubham451@gmail.com,2023-01-20,REGULAR
C452,Sneha Kumar,sneha452@gmail.com,2023-08-28,PREMIUM
C453,Sneha Sharma,sneha453@gmail.com,2025-02-05,VIP
C454,Neha Gupta,neha454@gmail.com,2025-01-07,PREMIUM
C455,Amit Deshmukh,amit455@gmail.com,2023-08-04,PREMIUM
C456,Sagar Verma,sagar456@gmail.com,2024-08-11,PREMIUM
C457,Priya Kumar,priya457@gmail.com,2024-01-06,VIP
C458,Rahul Verma,rahul458@gmail.com,2023-01-09,PREMIUM
C459,Rahul Deshmukh,rahul459@gmail.com,2024-07-08,PREMIUM
C460,Anjali Verma,anjali460@gmail.com,2024-08-22,PREMIUM
C461,Akash Gupta,akash461@gmail.com,2024-03-01,PREMIUM
C462,Rohan Kulkarni,rohan462@gmail.com,2024-05-12,PREMIUM
C463,Pooja Patil,pooja463@gmail.com,2024-08-27,PREMIUM
C464,Amit Deshmukh,amit464@gmail.com,2025-01-08,REGULAR
C465,Shubham Kulkarni,shubham465@gmail.com,2023-01-04,VIP
C466,Kiran Sontakke,kiran466@gmail.com,2023-05-15,VIP
C467,Sneha Deshmukh,sneha467@gmail.com,2023-07-15,PREMIUM
C468,Tushar Jadhav,tushar468@gmail.com,2025-04-25,PREMIUM
C469,Sneha Kumar,sneha469@gmail.com,2025-05-17,REGULAR
C470,Vikas Verma,vikas470@gmail.com,2023-06-02,PREMIUM
C471,Anjali Patil,anjali471@gmail.com,2023-12-10,VIP
C472,Sneha Joshi,sneha472@gmail.com,2023-09-16,PREMIUM
C473,Kiran Sontakke,kiran473@gmail.com,2025-02-09,REGULAR
C474,Akash Kulkarni,akash474@gmail.com,2025-01-27,PREMIUM
C475,Tushar Patil,tushar475@gmail.com,2025-03-03,PREMIUM
C476,Nikita Gupta,nikita476@gmail.com,2023-09-04,REGULAR
C477,Akash Sontakke,akash477@gmail.com,2024-03-06,VIP
C478,Kiran Gupta,kiran478@gmail.com,2024-12-03,VIP
C479,Pooja Gupta,pooja479@gmail.com,2023-02-07,VIP
C480,Priya Kulkarni,priya480@gmail.com,2023-01-20,PREMIUM
C481,Kiran Kumar,kiran481@gmail.com,2023-10-13,REGULAR
C482,Nikita Joshi,nikita482@gmail.com,2024-12-31,PREMIUM
C483,Amit Sontakke,amit483@gmail.com,2024-02-20,PREMIUM
C484,Priya Sontakke,priya484@gmail.com,2025-02-09,REGULAR
C485,Tushar Kulkarni,tushar485@gmail.com,2025-02-07,VIP
C486,Amit Deshmukh,amit486@gmail.com,2025-02-17,PREMIUM
C487,Nikita Sontakke,nikita487@gmail.com,2023-08-03,VIP
C488,Rohan Kulkarni,rohan488@gmail.com,2023-07-01,VIP
C489,Rohan Gupta,rohan489@gmail.com,2023-11-10,PREMIUM
C490,Rohan Sharma,rohan490@gmail.com,2023-06-03,VIP
C491,Nikita Kulkarni,nikita491@gmail.com,2025-04-15,VIP
C492,Rohan Sharma,rohan492@gmail.com,2023-10-27,VIP
C493,Sneha Gupta,sneha493@gmail.com,2023-08-21,VIP
C494,Sagar Jadhav,sagar494@gmail.com,2025-02-14,VIP
C495,Rahul Kumar,rahul495@gmail.com,2023-07-17,REGULAR
C496,Rahul Verma,rahul496@gmail.com,2025-01-30,PREMIUM
C497,Neha Sharma,neha497@gmail.com,2023-10-19,VIP
C498,Sneha Sharma,sneha498@gmail.com,2025-06-07,PREMIUM
C499,Pooja Gupta,pooja499,2024-09-01,VIP
C500,Kiran Sontakke,kiran500@gmail.com,2024-07-27,VIP
